use litres;
-- Generation time: Tue, 12 Nov 2019 06:22:33 +0000
-- Host: mysql.hostinger.ro
-- DB name: u574849695_21
/*!40030 SET NAMES UTF8 */;
/*!40101 SET @OLD_CHARACTER_SET_CLIENT=@@CHARACTER_SET_CLIENT */;
/*!40101 SET @OLD_CHARACTER_SET_RESULTS=@@CHARACTER_SET_RESULTS */;
/*!40101 SET @OLD_COLLATION_CONNECTION=@@COLLATION_CONNECTION */;
/*!40103 SET @OLD_TIME_ZONE=@@TIME_ZONE */;
/*!40103 SET TIME_ZONE='+00:00' */;
/*!40014 SET @OLD_UNIQUE_CHECKS=@@UNIQUE_CHECKS, UNIQUE_CHECKS=0 */;
/*!40014 SET @OLD_FOREIGN_KEY_CHECKS=@@FOREIGN_KEY_CHECKS, FOREIGN_KEY_CHECKS=0 */;
/*!40101 SET @OLD_SQL_MODE=@@SQL_MODE, SQL_MODE='NO_AUTO_VALUE_ON_ZERO' */;
/*!40111 SET @OLD_SQL_NOTES=@@SQL_NOTES, SQL_NOTES=0 */;

DROP TABLE IF EXISTS `books`;
CREATE TABLE `books` (
  `id` bigint(20) unsigned NOT NULL AUTO_INCREMENT,
  `name` varchar(255) COLLATE utf8_unicode_ci DEFAULT NULL COMMENT '???????? ?????',
  `description` text COLLATE utf8_unicode_ci DEFAULT NULL COMMENT '???????? ?????',
  `price` decimal(11,2) DEFAULT NULL COMMENT '???? ?????',
  `poster` varchar(50) COLLATE utf8_unicode_ci DEFAULT NULL COMMENT '???????? ?????',
  `created_at` datetime DEFAULT current_timestamp(),
  `updated_at` datetime DEFAULT current_timestamp() ON UPDATE current_timestamp(),
  PRIMARY KEY (`id`),
  KEY `name` (`name`),
  KEY `price` (`price`)
) ENGINE=InnoDB AUTO_INCREMENT=101 DEFAULT CHARSET=utf8 COLLATE=utf8_unicode_ci COMMENT='?????';

INSERT INTO `books` VALUES ('1','nisi','Aspernatur non et eos veritatis accusamus alias. Quae ullam ut sed dolore corporis. Quod quo dolores debitis non. Laboriosam quo voluptates dolore fugiat non vitae voluptas.','0.00',NULL,'1974-04-24 16:29:02','2016-10-21 23:21:55'),
('2','non','Sint recusandae minima sunt sunt qui. Similique voluptas vero est. Placeat excepturi in soluta ea molestiae quod quam. Blanditiis ut soluta alias voluptatem sed.','10.52',NULL,'2002-04-02 12:12:11','1978-08-18 02:29:18'),
('3','velit','Ipsa dolorem laboriosam facere excepturi. Consequatur maxime quis qui sed nulla et asperiores.','86779.37',NULL,'2008-03-28 03:20:45','1988-05-04 09:50:03'),
('4','et','Voluptatem voluptatem quaerat nam voluptatibus est dolorem earum. Aliquam rerum occaecati et officiis doloremque et et doloribus. Iste aliquid totam esse atque. Eum aspernatur autem necessitatibus explicabo impedit.','24917.00',NULL,'2014-04-19 05:01:24','2006-08-16 03:10:22'),
('5','blanditiis','Doloribus ratione quia nemo molestiae soluta qui esse. Molestiae iusto reiciendis soluta sunt accusantium. In incidunt et voluptatem sint molestiae nemo. Aut illum soluta omnis ut odit.','206308992.40',NULL,'1993-11-08 10:12:43','1990-03-08 20:45:17'),
('6','unde','Officia quisquam veritatis ut sit nisi dolorem. Quaerat dolor quo nemo magnam delectus sapiente ducimus. Dolorem dicta doloribus dolorem. Libero harum consequatur maxime sint asperiores.','465937838.65',NULL,'2010-03-03 06:22:31','2007-09-22 02:55:23'),
('7','qui','Delectus minus repellat placeat est. Dolor porro dolore rerum corrupti eligendi adipisci. Dolorem dolorem maiores molestias sequi.','71581.26',NULL,'1994-12-31 16:01:48','2009-04-03 02:06:51'),
('8','ducimus','Totam at nihil nesciunt iusto aspernatur necessitatibus ullam molestiae. Dicta tenetur corrupti porro repellendus dolorem. Quia aut tempore voluptatem. Eos veritatis culpa necessitatibus ullam cupiditate aut earum.','0.00',NULL,'1975-07-22 22:06:17','1996-05-29 22:10:59'),
('9','expedita','Est quasi nisi molestiae dolores porro autem tempora. Illo voluptas laboriosam error non. Quis voluptatum earum ipsam neque.','204.71',NULL,'1980-12-08 02:45:20','2018-11-28 09:03:33'),
('10','fugit','Quaerat odit placeat officiis sit et eaque inventore. Facilis aut velit quas est voluptatem facere iure et. Quidem necessitatibus nihil eos at ut iste consequuntur.','4529.60',NULL,'1975-01-09 17:45:18','1987-09-23 19:01:31'),
('11','aut','Quidem at omnis nesciunt corporis accusantium. Minus similique iusto amet atque consectetur. Dolor sit necessitatibus alias facere omnis consectetur dolorum aut. Ut commodi rerum maxime dolores architecto voluptatem voluptatum.','3822396.23',NULL,'1970-10-04 09:43:22','2001-09-05 10:09:21'),
('12','vero','Est voluptatem esse libero sequi velit. Vero velit quis ut et. Reprehenderit ad aut illo natus eos nihil ipsa.','25035.66',NULL,'1977-12-01 22:50:49','1989-03-24 01:19:27'),
('13','debitis','Quia est voluptas eligendi unde voluptatem fugit. Inventore ad earum quia eius. Non iusto ratione est quasi saepe expedita laborum. Voluptatum officiis debitis laboriosam repellat nesciunt repellendus.','0.00',NULL,'2013-02-14 22:54:15','1984-05-11 11:47:19'),
('14','quasi','Quos adipisci minus sint. Neque quae sit ut. Cumque nam qui voluptas dolore.','129493629.96',NULL,'2018-07-15 19:08:56','2016-01-09 07:39:55'),
('15','est','Aperiam et et totam quas et autem harum. Accusantium aspernatur autem ut cum ut. Omnis vel ratione facere enim non sint qui facere. Quia vitae labore est.','6.16',NULL,'1989-06-24 07:01:24','2018-02-12 17:49:14'),
('16','ratione','Recusandae animi voluptas aut. Similique neque nihil numquam voluptatem sed. Corrupti doloribus voluptas voluptatem ut quia omnis. Deserunt explicabo odit totam et est.','72399.20',NULL,'2008-03-31 09:52:41','1975-02-23 17:38:21'),
('17','quaerat','Earum veritatis magni sit ea asperiores quis. Quisquam aspernatur assumenda eos sit. Officia consectetur recusandae quia quo. Sint repellat aut distinctio exercitationem optio.','57051592.02',NULL,'1999-06-07 16:16:30','2019-02-15 15:27:05'),
('18','enim','Repudiandae ut rerum esse et. Neque perspiciatis quasi iusto nemo distinctio sint quisquam. Explicabo odit consequuntur ab velit eius vero.','0.00',NULL,'2016-01-21 22:08:38','1984-11-04 17:39:13'),
('19','cupiditate','Consequuntur vel a nisi nemo. Qui quisquam exercitationem illum. Ea explicabo in quia alias nesciunt. Quo consequatur sunt magni doloribus iste.','71735654.66',NULL,'2016-05-03 13:01:15','2007-09-16 15:57:43'),
('20','illum','Illum deleniti consectetur magnam velit dolorem qui. Nemo harum explicabo mollitia harum explicabo ipsam. Nemo id et enim quasi deleniti amet. Deserunt modi iusto ratione hic consequatur qui ut molestias. Officia non cupiditate ipsum natus voluptatibus.','8716.03',NULL,'2007-11-08 16:47:36','1989-12-13 06:03:08'),
('21','eos','Aspernatur officia quis est nulla quod beatae iste iure. Numquam dicta doloremque debitis. Aspernatur modi laboriosam aut dolorem.','39494596.44',NULL,'1988-07-13 12:28:11','1994-04-04 03:32:06'),
('22','id','Quae iste fugiat atque aut dolor. Sequi magni velit quia autem illum quia consequatur. Saepe et rerum consequatur dolores reprehenderit ducimus voluptatibus fugiat.','0.00',NULL,'2000-11-29 00:58:13','2006-12-13 09:42:29'),
('23','ab','Ducimus veniam eligendi incidunt id consequatur. Sit laudantium delectus accusamus. Aliquam ut nihil asperiores. Est nesciunt eveniet inventore voluptatem rerum.','0.00',NULL,'1977-10-31 08:22:37','1983-05-17 04:05:08'),
('24','qui','Explicabo explicabo laudantium magni hic sit non molestias. Ipsam odit eaque totam consectetur ea distinctio. Ipsa quisquam quasi molestiae.','3587.60',NULL,'2013-06-13 20:45:06','2002-05-14 12:15:28'),
('25','laudantium','Non velit id ut quia distinctio dolorum. Itaque repudiandae amet vel officiis voluptate. Ex quia culpa corporis.','0.00',NULL,'1983-08-22 06:33:10','1980-10-29 16:49:47'),
('26','sapiente','Quam quibusdam nihil ea placeat enim aut dignissimos. Cumque temporibus culpa dolorem non sit. Est voluptate rerum fugiat dolor omnis vitae eveniet dolor.','3465395.62',NULL,'1992-12-17 04:44:19','2007-06-10 01:52:36'),
('27','enim','Molestiae qui nesciunt cumque cupiditate ea quae laborum optio. Quia veritatis sequi occaecati aliquid ut. Dolores sit enim est rem.','0.00',NULL,'1972-05-27 19:42:41','1976-04-05 16:49:47'),
('28','aspernatur','Ut earum consequuntur expedita nam ipsum in molestiae rem. Consectetur tenetur non maiores qui.','10135122.68',NULL,'1972-10-04 12:55:59','1997-02-10 23:13:11'),
('29','est','Et voluptatum consectetur distinctio a voluptatem voluptatem accusamus facere. Est qui vel asperiores inventore numquam illo enim. Incidunt omnis alias nesciunt qui harum rerum enim. Asperiores odio sint rerum id.','37977026.54',NULL,'1990-11-07 13:42:58','1993-10-16 11:01:21'),
('30','ipsam','Et iure minima aut. Sint dolorem ducimus minus suscipit. Ea sunt eum iste et et. Non sit voluptatem voluptatem aspernatur dolores quibusdam.','82936.12',NULL,'2019-10-04 23:32:00','2014-10-29 00:00:55'),
('31','repellat','Aut optio officiis nisi cum qui distinctio et. Quia rerum et qui quis nobis eaque. Pariatur quibusdam sapiente sit accusamus.','330.69',NULL,'2007-01-07 03:32:49','2004-09-14 00:51:38'),
('32','placeat','Esse consectetur sint qui ad nisi eius. Odio repellendus ut qui totam voluptatum quam tenetur. Accusamus incidunt voluptas voluptas.','0.53',NULL,'2017-05-19 09:24:42','1985-08-23 17:24:57'),
('33','et','Sint modi voluptatem voluptas. Officiis rerum voluptatem id laudantium. Facilis voluptate voluptates error odio non rem aliquid. Distinctio corrupti officia enim magnam molestiae reprehenderit minima consequuntur.','194.37',NULL,'2002-07-17 04:37:51','2015-12-05 06:23:50'),
('34','vel','Distinctio facere optio rem rem voluptas quis. Et nobis unde ipsum impedit qui laborum. Est ut nulla in.','2272.83',NULL,'1994-03-15 03:29:59','1987-04-26 19:04:49'),
('35','quidem','Cum placeat illum molestias dolores quia. Distinctio est eos sunt placeat et aut. Delectus officia et facere cupiditate in. Ea vel animi eligendi sunt. Id quidem officiis eius id.','43203.00',NULL,'2015-02-11 04:48:51','1983-07-27 20:39:02'),
('36','sunt','Quae iste aliquid expedita est. Qui quia nam ab voluptas tempore ut numquam illum. Recusandae necessitatibus animi esse. Commodi assumenda explicabo dicta commodi corporis similique nihil.','0.64',NULL,'1982-02-16 02:54:50','2019-06-16 17:29:38'),
('37','id','Quidem iste enim et omnis adipisci. Repellendus dolor voluptatum suscipit quia. Iusto quo est mollitia unde rerum sed. Enim nisi impedit tempora dolor explicabo.','259009142.19',NULL,'1999-03-04 16:54:03','2019-10-15 01:57:25'),
('38','labore','Dolor optio aliquid non accusamus quos illo qui. Soluta neque quo saepe in laborum. Fugit laborum provident dolor expedita delectus adipisci.','3.90',NULL,'2014-09-14 04:43:22','1974-02-15 21:26:24'),
('39','aut','Quibusdam et voluptates sint numquam ratione quisquam delectus ullam. Voluptas tempore quas recusandae illo doloremque. Magni ea asperiores voluptatem ex odio sit reprehenderit voluptate.','30823.70',NULL,'2011-09-13 10:05:55','2001-10-09 22:34:58'),
('40','esse','Error deserunt consectetur aperiam voluptatibus voluptas quo dolorum. Cupiditate ad ex beatae. Atque animi accusantium sunt voluptate.','34.09',NULL,'2009-06-19 14:51:17','1990-02-28 11:39:11'),
('41','at','Et aut excepturi corporis molestiae deleniti quis maiores. Ut accusamus incidunt soluta harum voluptates ipsam libero. Aut voluptas culpa ad.','48446409.85',NULL,'2001-10-16 20:36:16','1979-06-08 02:16:12'),
('42','possimus','Omnis natus dolor quo consequuntur quia aut. Est ut voluptatem veniam ut. Non iusto aut non pariatur.','49116764.47',NULL,'2010-02-08 13:10:47','2005-12-29 15:44:15'),
('43','voluptatem','Similique a maiores soluta consequatur laborum eos quia. Ratione harum ipsam porro. Id qui voluptatem provident est ea.','279.32',NULL,'1994-09-17 11:53:10','1996-02-16 06:53:32'),
('44','est','Rem debitis incidunt ipsa animi accusamus nihil est. Sit et fuga voluptas quidem rerum itaque voluptas. Ut odio eveniet quibusdam aut explicabo sint est. Architecto laboriosam sunt molestiae repudiandae quia praesentium.','2719.64',NULL,'2019-01-05 18:57:41','2017-11-13 10:23:37'),
('45','dolorem','Qui autem illum modi voluptatum cum eveniet expedita. Neque sit ut sint consequatur repellendus saepe. Voluptatem excepturi ipsam unde facilis velit quia rerum.','190.17',NULL,'1976-07-12 11:17:15','2001-08-31 08:03:37'),
('46','fugiat','Quidem nihil aliquam eligendi deleniti rerum. Qui qui autem quisquam quod minima. Reiciendis aperiam ipsam facilis.','22909.02',NULL,'1974-05-12 16:27:23','2004-03-28 14:39:04'),
('47','esse','Facere sunt tenetur labore sequi molestiae. Dolorem consequuntur qui vel velit qui. Minima voluptatibus illum est.','276.77',NULL,'1975-11-20 13:23:26','1989-05-06 08:06:01'),
('48','id','Optio ipsa vitae ad iste alias. Omnis facere consequatur sequi consequatur quae qui minima. Delectus et qui amet et dolorum perferendis quos. Soluta cum tenetur ab et repudiandae quia sunt id.','781942939.50',NULL,'1986-08-07 18:44:47','2009-05-03 21:19:28'),
('49','omnis','Autem et dolorem omnis incidunt in quo natus. Incidunt aut impedit voluptatem maxime non. Et dolorum et ducimus esse officiis iusto.','36524274.61',NULL,'1987-09-25 16:55:00','2019-01-07 06:44:09'),
('50','expedita','Quod aperiam et magnam perferendis molestiae. Voluptatem accusamus animi eveniet ullam temporibus ea est soluta. Modi sit ut provident sed vitae nobis repellat. Est quam dolorem doloribus. Nisi odio doloremque rem odio illum cum asperiores.','498.76',NULL,'2011-07-05 07:09:31','1987-06-08 06:05:29'),
('51','et','In ut corporis omnis earum. Quo qui ipsa voluptatum qui modi. Aut quae ea sapiente et nesciunt ut a voluptate. Aut ex voluptatem temporibus eveniet.','487.11',NULL,'1985-10-08 10:47:49','1980-06-26 00:11:31'),
('52','eveniet','Eos voluptatem magni sed quo et eos. Molestiae vitae blanditiis odit quisquam est. Non minima officia accusamus quaerat et soluta.','3.16',NULL,'2018-01-25 23:15:35','2014-08-30 14:51:19'),
('53','inventore','Qui quo quos tempora illo pariatur ut officia et. Quia officiis ducimus sunt dolor. Molestiae temporibus velit eveniet ab et quos accusamus. Iste quis possimus eos ut omnis esse delectus.','6293.97',NULL,'1984-10-24 20:43:22','2003-05-29 17:02:57'),
('54','voluptatum','Quia est voluptatem natus. Consequuntur eos nostrum qui deserunt nobis occaecati voluptatem. Qui qui et sint sint quae iure. Eos dolor perferendis velit nesciunt.','29893544.30',NULL,'2005-01-06 10:34:34','2017-01-30 19:08:54'),
('55','saepe','Aut a blanditiis possimus dolor voluptatem. Omnis deserunt dicta in facere. Quam possimus numquam ut.','4.27',NULL,'1980-01-15 15:50:20','1979-10-25 10:03:30'),
('56','alias','Itaque aliquam a quasi asperiores vel qui quia. Doloremque et quas nulla dolorem saepe quia. Ut labore quas voluptatem impedit perspiciatis adipisci.','22472977.29',NULL,'1999-01-29 22:54:43','2013-07-05 04:26:10'),
('57','ea','Blanditiis nobis quas autem minus aliquam quos. Provident qui illo earum et quia qui qui. Est sequi dolorem accusantium rerum dolores. Quae autem magni sed vero voluptas dignissimos.','18.05',NULL,'2000-12-29 07:55:46','2008-04-29 18:20:34'),
('58','autem','Harum molestias et animi sed. At ex perspiciatis excepturi placeat deleniti et sit. Eveniet eligendi a magnam iure necessitatibus.','428193.00',NULL,'1982-07-25 00:28:04','1976-06-06 14:49:54'),
('59','sit','Nam ratione dicta enim vel tempore sed. Et laboriosam quod dolorem qui pariatur quasi. Minus excepturi aspernatur odit ad.','739163.13',NULL,'1994-08-08 14:05:19','1982-03-27 15:45:54'),
('60','consequatur','Sint eius sunt ea ad et. Nobis iusto architecto consequatur doloribus. Nisi amet voluptatem molestiae nemo omnis maxime et aut.','56002.00',NULL,'1988-02-27 17:41:16','1991-11-24 17:36:21'),
('61','ipsum','Repellat eum voluptas dolorem incidunt tempore. Odio commodi impedit sint tenetur qui voluptas est. Dolores explicabo consequatur et facere nesciunt voluptas repellat. Quo et eligendi optio aut odio. Illo dolorum sequi aut vel aut.','347686.50',NULL,'2006-03-29 23:37:14','2003-03-15 14:31:51'),
('62','et','Eveniet et quia vitae dolorem provident dolore ut. Rem asperiores eaque est molestias consectetur et dolorem. Ab aliquid quia cumque nobis aut.','6998913.25',NULL,'2005-01-19 12:37:39','2002-07-12 04:59:46'),
('63','nihil','Natus est exercitationem vel id est quaerat. Laudantium veniam exercitationem omnis repudiandae aliquid. Commodi quis inventore dolore ipsum quo et tenetur. Ut nisi mollitia aut eius veniam sint earum deleniti.','1.80',NULL,'2006-12-16 17:08:42','2016-02-25 08:23:22'),
('64','labore','Quos voluptas delectus exercitationem et. Neque quidem totam est atque. Non eligendi minus non sunt eligendi.','3.08',NULL,'1984-03-19 13:18:49','1988-06-22 03:44:09'),
('65','dolores','Maxime laboriosam aut facilis impedit enim et incidunt. Molestias beatae et voluptas porro velit. Placeat assumenda aut hic sit cum. Optio ut qui voluptas sit ullam. Qui sapiente consequatur nisi quod quasi maiores aspernatur.','29046030.00',NULL,'2014-05-06 22:50:57','2004-02-13 15:27:26'),
('66','facilis','Numquam dolor at earum enim ea harum. Enim et porro ducimus. Dolorem est vero nostrum harum reiciendis explicabo doloribus.','0.64',NULL,'1980-11-25 16:05:12','1980-12-02 18:11:31'),
('67','quia','Aut saepe id inventore omnis illum corrupti. Necessitatibus voluptatibus assumenda enim explicabo qui modi quisquam. Voluptates eum iusto et omnis. A quam occaecati consequatur eos alias quas omnis.','2.30',NULL,'1977-07-05 21:05:47','1997-11-13 13:02:53'),
('68','earum','Fugiat aut sint doloribus. Adipisci dolore maxime consequuntur pariatur aut. Magnam blanditiis in totam vitae.','427732.78',NULL,'2003-05-11 04:00:22','2005-11-12 05:16:17'),
('69','et','Distinctio et repudiandae maxime enim voluptates et in. Modi alias sint illo et excepturi quis vel repudiandae. Voluptates dolorem eveniet vel deserunt fuga. Nam consequatur at voluptatem.','10.93',NULL,'2003-09-01 22:17:25','1973-09-06 05:58:25'),
('70','voluptate','Consequatur nam cumque et impedit. Omnis enim non accusantium optio exercitationem. Aut tempore placeat ut.','723573499.46',NULL,'1974-05-29 19:29:24','2002-12-08 07:41:06'),
('71','minima','Non veritatis qui quaerat voluptas temporibus provident. Aliquam inventore maiores doloribus quam. Quos occaecati rem nemo similique tempore fuga.','65.45',NULL,'2009-02-20 05:52:38','1998-07-27 17:19:02'),
('72','minima','Quia et illum praesentium quibusdam quam doloremque atque ea. Architecto facilis et dolores.','0.14',NULL,'2016-08-09 00:37:21','2016-09-17 01:12:48'),
('73','velit','Est repudiandae officiis enim et error distinctio ullam corrupti. Aut est magni perspiciatis suscipit asperiores libero non ut. Quod unde voluptatem impedit maxime. Id voluptatum ipsum ut incidunt pariatur deleniti.','1.00',NULL,'1994-03-10 21:21:31','2014-06-28 17:01:10'),
('74','quia','Maxime aut cum minima ut cum quia. Facere sit quia voluptas aut quas itaque omnis. Quia explicabo amet quam. Dignissimos dicta iste nihil aliquam nulla.','101450132.09',NULL,'2001-03-21 08:26:53','2007-12-03 19:07:22'),
('75','quod','Est voluptatem animi accusamus ut. Voluptatem sed iure iste reprehenderit sunt eveniet dolorem. Voluptas eaque itaque minus quia quam saepe temporibus. Debitis rem excepturi iste dolore. Eos culpa occaecati et ut perferendis fugit dicta iste.','120223239.91',NULL,'1985-06-28 13:58:29','2015-12-15 16:14:55'),
('76','ut','Qui atque cum incidunt dolorem qui. Incidunt modi pariatur nihil vel culpa quia. Reprehenderit cum odio explicabo ullam recusandae fugit alias exercitationem.','17.55',NULL,'2001-02-01 04:37:02','1988-05-22 01:43:28'),
('77','esse','Assumenda perspiciatis asperiores facere qui et. Est qui ducimus quia voluptatum mollitia et. Ipsum exercitationem sit tempora voluptatem aut. Dolores distinctio molestiae est id maiores.','4.50',NULL,'2002-11-09 06:58:49','2016-07-22 11:02:19'),
('78','explicabo','Molestiae odio et consequatur fuga quia. Nihil qui delectus sed officia minima. Et mollitia voluptatem vel eveniet.','110090.69',NULL,'2007-01-09 10:38:26','1972-02-24 14:21:02'),
('79','molestias','Consequatur qui harum laborum facilis soluta iure. Qui nihil dicta dicta aspernatur itaque explicabo aut. Quos aut dolor illo esse deserunt est quia ducimus. In dicta est aut cum ipsam. Aut quia dolores ut vel necessitatibus autem corrupti.','4.38',NULL,'1990-06-02 03:01:36','1976-02-13 15:59:35'),
('80','accusamus','Laborum sed dolore soluta illo earum. Id eos debitis aut adipisci molestias dolores. Quae eos laudantium ullam consectetur rerum. Voluptatem vel cum qui rem et. Et voluptates nobis perspiciatis et omnis placeat voluptas.','0.00',NULL,'1972-10-01 13:07:15','2018-07-08 07:03:28'),
('81','ab','Impedit esse deleniti quos corrupti autem. Et recusandae quae doloribus explicabo dicta. Inventore corrupti odio aliquid qui. Aut consequatur asperiores assumenda velit.','2.44',NULL,'1997-03-18 08:37:17','2004-01-09 08:17:22'),
('82','quasi','A qui neque tempora. Aperiam harum blanditiis voluptatibus inventore sunt. Natus provident explicabo eos quia totam voluptatibus quibusdam. Dolorum eligendi voluptas officia error unde. Nihil quisquam exercitationem quisquam.','1738.35',NULL,'1999-10-14 22:02:54','2011-03-26 08:56:56'),
('83','deleniti','Excepturi numquam aspernatur iste quibusdam. Et et minima soluta veniam quae non quam iure. In aperiam repellendus quisquam. Tenetur eveniet sunt iste quos.','970.38',NULL,'2014-09-05 21:52:07','1992-09-05 16:41:18'),
('84','quisquam','Maxime nesciunt architecto voluptatum et sapiente quasi. Est dolor sed iste deleniti pariatur.','158523.49',NULL,'1979-01-05 21:14:54','1976-05-27 06:24:00'),
('85','nisi','Minima nobis eaque vero nesciunt fuga sed. Est illum iusto quisquam ea omnis. Ipsam aliquam ipsam expedita tempora.','129.57',NULL,'1999-12-07 03:27:40','1985-12-06 02:28:41'),
('86','eveniet','Voluptas quibusdam aliquam tempore. Cumque sed ut ea nesciunt. Facere quos molestiae aut et ut.','5.07',NULL,'2017-06-14 19:28:23','2005-03-18 05:09:13'),
('87','est','Omnis consectetur omnis consequuntur est accusantium quos et. Animi harum non tenetur corrupti quas. Inventore laboriosam omnis odit ut aperiam. Est maiores et magnam veniam.','4659985.66',NULL,'2017-03-13 00:47:27','1973-08-30 08:30:36'),
('88','nostrum','Eius sunt possimus animi non voluptatum. Error laudantium voluptas eius cupiditate totam quia labore. Nemo velit est repudiandae et. Consequuntur assumenda sed eaque veniam.','1693093.50',NULL,'2011-04-30 18:34:04','2010-03-05 11:23:52'),
('89','quisquam','Possimus et similique fugit sunt velit laudantium sed. Fugiat sit libero harum sit maiores voluptate. Eveniet perferendis voluptatem ut culpa. Et rerum omnis enim voluptatem adipisci.','0.00',NULL,'1983-11-27 13:11:45','1971-04-04 02:14:42'),
('90','autem','Veniam neque totam id natus error. Quam ut dolor rerum ipsum quos earum eligendi. Vel quo quasi qui cupiditate. Voluptas fuga aut placeat nisi.','3002906.83',NULL,'2004-02-16 19:17:59','1982-10-26 12:08:14'),
('91','omnis','Enim ullam voluptas omnis. Iste fuga et est. Voluptatem praesentium et sed. Quis minima iure vero ex.','0.70',NULL,'2001-04-20 05:46:16','1985-08-22 19:58:52'),
('92','et','Error ea at sequi. Consequatur adipisci qui molestias quia cumque. Dicta incidunt similique soluta earum eum eveniet perferendis.','92575.06',NULL,'1995-11-11 15:28:23','1991-01-16 19:40:04'),
('93','illo','Ut quo reprehenderit perferendis harum id eveniet atque. Quasi id eum beatae necessitatibus inventore eos. Quae aut nihil rem veniam.','36.25',NULL,'1990-05-08 03:13:02','2017-09-17 14:37:11'),
('94','architecto','Minus aut culpa est omnis et. Ut non vero molestias modi qui dolorem. Impedit aut vel rerum itaque earum nihil itaque necessitatibus. Voluptatem architecto harum optio ex velit minus.','3664.80',NULL,'2014-06-15 15:53:37','2009-04-09 04:08:46'),
('95','adipisci','Nemo quidem dicta perferendis consequuntur iste sit neque. Vero accusamus magni quo sed et libero. Ab officia mollitia ipsum nulla delectus ratione consectetur.','3254.81',NULL,'1978-03-08 12:26:50','1998-11-11 17:24:53'),
('96','dolores','Ullam sunt fuga debitis ut. Ut eius temporibus sunt hic eius qui. Aut cupiditate ut laboriosam provident itaque consequuntur. Ut distinctio tempore tempore occaecati.','424.50',NULL,'2005-10-02 03:24:17','2013-11-12 00:03:45'),
('97','illo','Nihil rem non excepturi. Unde odit ea est deleniti. Et ad et veniam. Debitis dolores quam nihil quam.','1.15',NULL,'2003-04-26 11:40:05','1972-12-10 23:37:24'),
('98','cupiditate','Optio at facilis at ex velit modi unde. Aperiam excepturi tenetur fugit modi corrupti. Quaerat eum ut exercitationem in ut et dolores. Assumenda iusto placeat quo voluptas vero voluptatem iusto. Rerum provident est nulla accusantium deleniti voluptas error accusamus.','5654554.79',NULL,'2007-06-11 02:11:29','1997-05-16 18:34:22'),
('99','et','Adipisci voluptatem perspiciatis cumque est aperiam consequuntur. Quisquam cum nostrum occaecati. Itaque sit cumque quia est.','17466.15',NULL,'1972-07-23 03:45:53','1992-07-18 03:06:07'),
('100','debitis','Enim non iusto minima praesentium fugiat accusamus dolorem. Magni eaque facere ex numquam animi quibusdam nihil quisquam. Sed velit recusandae nam debitis nulla vel ad.','16.83',NULL,'1979-01-20 17:35:24','2000-09-03 16:18:25'); 


DROP TABLE IF EXISTS `books_genres`;
CREATE TABLE `books_genres` (
  `book_id` bigint(20) unsigned NOT NULL,
  `genre_id` bigint(20) unsigned NOT NULL,
  PRIMARY KEY (`book_id`,`genre_id`),
  KEY `genre_id` (`genre_id`),
  CONSTRAINT `books_genres_ibfk_1` FOREIGN KEY (`book_id`) REFERENCES `books` (`id`),
  CONSTRAINT `books_genres_ibfk_2` FOREIGN KEY (`genre_id`) REFERENCES `genres` (`id`)
) ENGINE=InnoDB DEFAULT CHARSET=utf8 COLLATE=utf8_unicode_ci COMMENT='????? ????? ? ??????';

INSERT INTO `books_genres` VALUES ('1','1'),
('2','2'),
('3','3'),
('4','4'),
('5','5'),
('6','6'),
('7','7'),
('8','8'),
('9','9'),
('10','10'),
('11','11'),
('12','12'),
('13','13'),
('14','14'),
('15','15'),
('16','16'),
('17','17'),
('18','18'),
('19','19'),
('20','20'),
('21','1'),
('22','2'),
('23','3'),
('24','4'),
('25','5'),
('26','6'),
('27','7'),
('28','8'),
('29','9'),
('30','10'),
('31','11'),
('32','12'),
('33','13'),
('34','14'),
('35','15'),
('36','16'),
('37','17'),
('38','18'),
('39','19'),
('40','20'),
('41','1'),
('42','2'),
('43','3'),
('44','4'),
('45','5'),
('46','6'),
('47','7'),
('48','8'),
('49','9'),
('50','10'),
('51','11'),
('52','12'),
('53','13'),
('54','14'),
('55','15'),
('56','16'),
('57','17'),
('58','18'),
('59','19'),
('60','20'),
('61','1'),
('62','2'),
('63','3'),
('64','4'),
('65','5'),
('66','6'),
('67','7'),
('68','8'),
('69','9'),
('70','10'),
('71','11'),
('72','12'),
('73','13'),
('74','14'),
('75','15'),
('76','16'),
('77','17'),
('78','18'),
('79','19'),
('80','20'),
('81','1'),
('82','2'),
('83','3'),
('84','4'),
('85','5'),
('86','6'),
('87','7'),
('88','8'),
('89','9'),
('90','10'),
('91','11'),
('92','12'),
('93','13'),
('94','14'),
('95','15'),
('96','16'),
('97','17'),
('98','18'),
('99','19'),
('100','20'); 


DROP TABLE IF EXISTS `books_series`;
CREATE TABLE `books_series` (
  `book_id` bigint(20) unsigned NOT NULL,
  `series_id` bigint(20) unsigned NOT NULL,
  PRIMARY KEY (`book_id`,`series_id`),
  KEY `series_id` (`series_id`),
  CONSTRAINT `books_series_ibfk_1` FOREIGN KEY (`book_id`) REFERENCES `books` (`id`),
  CONSTRAINT `books_series_ibfk_2` FOREIGN KEY (`series_id`) REFERENCES `series` (`id`)
) ENGINE=InnoDB DEFAULT CHARSET=utf8 COLLATE=utf8_unicode_ci COMMENT='????? ????? ? ??????';

INSERT INTO `books_series` VALUES ('1','1'),
('2','2'),
('3','3'),
('4','4'),
('5','5'),
('6','6'),
('7','7'),
('8','8'),
('9','9'),
('10','10'),
('11','11'),
('12','12'),
('13','13'),
('14','14'),
('15','15'),
('16','16'),
('17','17'),
('18','18'),
('19','19'),
('20','20'),
('21','1'),
('22','2'),
('23','3'),
('24','4'),
('25','5'),
('26','6'),
('27','7'),
('28','8'),
('29','9'),
('30','10'),
('31','11'),
('32','12'),
('33','13'),
('34','14'),
('35','15'),
('36','16'),
('37','17'),
('38','18'),
('39','19'),
('40','20'),
('41','1'),
('42','2'),
('43','3'),
('44','4'),
('45','5'),
('46','6'),
('47','7'),
('48','8'),
('49','9'),
('50','10'),
('51','11'),
('52','12'),
('53','13'),
('54','14'),
('55','15'),
('56','16'),
('57','17'),
('58','18'),
('59','19'),
('60','20'),
('61','1'),
('62','2'),
('63','3'),
('64','4'),
('65','5'),
('66','6'),
('67','7'),
('68','8'),
('69','9'),
('70','10'),
('71','11'),
('72','12'),
('73','13'),
('74','14'),
('75','15'),
('76','16'),
('77','17'),
('78','18'),
('79','19'),
('80','20'),
('81','1'),
('82','2'),
('83','3'),
('84','4'),
('85','5'),
('86','6'),
('87','7'),
('88','8'),
('89','9'),
('90','10'),
('91','11'),
('92','12'),
('93','13'),
('94','14'),
('95','15'),
('96','16'),
('97','17'),
('98','18'),
('99','19'),
('100','20'); 


DROP TABLE IF EXISTS `books_writers`;
CREATE TABLE `books_writers` (
  `book_id` bigint(20) unsigned NOT NULL,
  `writer_id` bigint(20) unsigned NOT NULL,
  PRIMARY KEY (`book_id`,`writer_id`),
  KEY `writer_id` (`writer_id`),
  CONSTRAINT `books_writers_ibfk_1` FOREIGN KEY (`book_id`) REFERENCES `books` (`id`),
  CONSTRAINT `books_writers_ibfk_2` FOREIGN KEY (`writer_id`) REFERENCES `writers` (`id`)
) ENGINE=InnoDB DEFAULT CHARSET=utf8 COLLATE=utf8_unicode_ci COMMENT='????? ????? ? ?????????';

INSERT INTO `books_writers` VALUES ('1','1'),
('2','2'),
('3','3'),
('4','4'),
('5','5'),
('6','6'),
('7','7'),
('8','8'),
('9','9'),
('10','10'),
('11','11'),
('12','12'),
('13','13'),
('14','14'),
('15','15'),
('16','16'),
('17','17'),
('18','18'),
('19','19'),
('20','20'),
('21','1'),
('22','2'),
('23','3'),
('24','4'),
('25','5'),
('26','6'),
('27','7'),
('28','8'),
('29','9'),
('30','10'),
('31','11'),
('32','12'),
('33','13'),
('34','14'),
('35','15'),
('36','16'),
('37','17'),
('38','18'),
('39','19'),
('40','20'),
('41','1'),
('42','2'),
('43','3'),
('44','4'),
('45','5'),
('46','6'),
('47','7'),
('48','8'),
('49','9'),
('50','10'),
('51','11'),
('52','12'),
('53','13'),
('54','14'),
('55','15'),
('56','16'),
('57','17'),
('58','18'),
('59','19'),
('60','20'),
('61','1'),
('62','2'),
('63','3'),
('64','4'),
('65','5'),
('66','6'),
('67','7'),
('68','8'),
('69','9'),
('70','10'),
('71','11'),
('72','12'),
('73','13'),
('74','14'),
('75','15'),
('76','16'),
('77','17'),
('78','18'),
('79','19'),
('80','20'),
('81','1'),
('82','2'),
('83','3'),
('84','4'),
('85','5'),
('86','6'),
('87','7'),
('88','8'),
('89','9'),
('90','10'),
('91','11'),
('92','12'),
('93','13'),
('94','14'),
('95','15'),
('96','16'),
('97','17'),
('98','18'),
('99','19'),
('100','20'); 


DROP TABLE IF EXISTS `genres`;
CREATE TABLE `genres` (
  `id` bigint(20) unsigned NOT NULL AUTO_INCREMENT,
  `name` varchar(255) COLLATE utf8_unicode_ci DEFAULT NULL COMMENT '???????? ?????',
  `description` text COLLATE utf8_unicode_ci DEFAULT NULL COMMENT '???????? ?????',
  PRIMARY KEY (`id`),
  KEY `name` (`name`)
) ENGINE=InnoDB AUTO_INCREMENT=21 DEFAULT CHARSET=utf8 COLLATE=utf8_unicode_ci COMMENT='?????';

INSERT INTO `genres` VALUES ('1','totam','Rerum ea aliquid sint possimus mollitia repudiandae consequatur nam. Illum voluptates ipsum error molestiae sed omnis fugiat delectus. Explicabo quia id officia. Qui odio sequi rerum.'),
('2','nihil','Tempora non omnis consequatur ipsam cupiditate. Fuga dolor natus dignissimos illo qui autem accusamus ipsam. Culpa id eaque non repellendus.'),
('3','animi','Minima consequatur sit omnis labore. Sed voluptatum esse ut accusantium molestias. Ipsa nulla quod fugit odit.'),
('4','maiores','Explicabo voluptatem saepe quia animi perferendis. Reprehenderit magni aperiam porro id molestiae aperiam. Rem hic quisquam ipsam atque culpa soluta.'),
('5','enim','Quis quia impedit amet consequatur. Est quia et rerum porro ut. Exercitationem ducimus nobis occaecati voluptatum rerum.'),
('6','et','Repellendus at dolorem pariatur. Dicta quibusdam veritatis est mollitia.'),
('7','libero','Enim placeat expedita aut. Vero vero est et est pariatur et. Voluptatem culpa tempora eum provident. Debitis qui in recusandae.'),
('8','alias','Non non harum eaque dolores sed eum. Est officiis magni quia dicta molestiae sequi. Laboriosam ipsum laborum recusandae fugit.'),
('9','dolor','Et in delectus blanditiis earum est ad occaecati. Molestiae ut beatae voluptatem quis. Reprehenderit exercitationem repellendus adipisci veritatis aspernatur occaecati praesentium. Fugit autem omnis doloribus illum ullam qui repellendus cum. Optio et hic fuga.'),
('10','cupiditate','Ullam magni qui eos aspernatur. Quod ex at voluptatem consectetur occaecati vitae amet. Distinctio eveniet omnis et expedita et debitis. Velit saepe eligendi deserunt quod delectus facere sed.'),
('11','nemo','Quae laboriosam deleniti qui quisquam iste. Omnis quia accusantium cumque aut sit qui quia. Esse repudiandae vitae sed quidem repudiandae voluptatem ducimus. Porro doloribus quaerat a veniam aut.'),
('12','error','Quas culpa incidunt quae et ut. Aperiam reprehenderit ut eos praesentium sapiente mollitia qui. Maxime omnis voluptate consequatur rerum unde dolor eius. Occaecati officia mollitia doloribus porro ad enim.'),
('13','quia','Et et dolore porro tempore exercitationem et dolorum. Voluptatem reprehenderit non non ipsa suscipit quod. Consequuntur vel quis repellendus hic qui placeat amet culpa.'),
('14','minus','Adipisci qui nesciunt quisquam sunt. Omnis qui inventore ullam blanditiis. Quae voluptatibus commodi impedit autem.'),
('15','qui','Illum excepturi assumenda eum asperiores ut quis aperiam. Est autem provident reiciendis error aut quis officia quis. Minus necessitatibus quae dolore quam repudiandae qui.'),
('16','ut','Aut asperiores odio et modi. Omnis corrupti mollitia porro earum necessitatibus. Nam quaerat sequi commodi ea autem.'),
('17','provident','Minus praesentium ea quo laborum. Expedita placeat in ullam. Veritatis est temporibus qui officiis.'),
('18','rerum','Ut autem et placeat voluptas atque. Magnam rerum accusantium et aperiam ut commodi. Minus neque deserunt sint eum libero qui. Blanditiis non velit sit fugiat amet velit cum.'),
('19','nulla','Et velit qui impedit mollitia. Quia ut a fuga sed qui eum. Dolor provident ipsum cupiditate eos omnis atque. Eveniet eius fuga quae laborum debitis corporis. Ipsam nostrum aut facilis.'),
('20','sapiente','Reiciendis dolor aut dolores veniam. Dolorum aut minus dolorem laudantium.'); 


DROP TABLE IF EXISTS `orders`;
CREATE TABLE `orders` (
  `id` bigint(20) unsigned NOT NULL AUTO_INCREMENT,
  `user_id` bigint(20) unsigned NOT NULL,
  `created_at` datetime DEFAULT current_timestamp(),
  `updated_at` datetime DEFAULT current_timestamp() ON UPDATE current_timestamp(),
  PRIMARY KEY (`id`),
  KEY `user_id` (`user_id`),
  CONSTRAINT `orders_ibfk_1` FOREIGN KEY (`user_id`) REFERENCES `users` (`id`)
) ENGINE=InnoDB AUTO_INCREMENT=6 DEFAULT CHARSET=utf8 COLLATE=utf8_unicode_ci COMMENT='??????';

INSERT INTO `orders` VALUES ('1','1','1997-02-11 08:07:39','1985-09-30 19:11:32'),
('2','2','1971-12-30 22:19:39','2001-07-08 14:16:45'),
('3','3','1998-12-06 19:45:40','2010-04-23 12:53:10'),
('4','4','2001-06-15 06:25:54','1983-06-04 21:42:42'),
('5','5','1980-05-27 23:25:14','1972-07-02 23:06:37'); 


DROP TABLE IF EXISTS `orders_books`;
CREATE TABLE `orders_books` (
  `id` bigint(20) unsigned NOT NULL AUTO_INCREMENT,
  `order_id` bigint(20) unsigned NOT NULL,
  `book_id` bigint(20) unsigned NOT NULL,
  `total` int(10) unsigned DEFAULT 1 COMMENT '?????????? ?????????? ???????? ???????',
  `created_at` datetime DEFAULT current_timestamp(),
  `updated_at` datetime DEFAULT current_timestamp() ON UPDATE current_timestamp(),
  PRIMARY KEY (`id`),
  KEY `order_id` (`order_id`),
  KEY `book_id` (`book_id`),
  CONSTRAINT `orders_books_ibfk_1` FOREIGN KEY (`order_id`) REFERENCES `orders` (`id`),
  CONSTRAINT `orders_books_ibfk_2` FOREIGN KEY (`book_id`) REFERENCES `books` (`id`)
) ENGINE=InnoDB AUTO_INCREMENT=21 DEFAULT CHARSET=utf8 COLLATE=utf8_unicode_ci COMMENT='?????? ??????';

INSERT INTO `orders_books` VALUES ('1','1','1','1','1982-01-01 08:14:42','1987-11-17 18:13:22'),
('2','2','2','1','2006-11-13 02:11:27','1997-11-12 14:34:36'),
('3','3','3','1','1973-01-27 02:49:58','2016-06-27 18:28:10'),
('4','4','4','1','1996-12-24 07:37:26','1997-05-18 01:35:52'),
('5','5','5','1','2017-05-12 08:51:24','1978-03-07 00:59:09'),
('6','1','6','1','2005-08-01 17:47:23','1978-08-24 00:48:58'),
('7','2','7','1','2019-01-01 23:13:04','2012-10-18 17:49:58'),
('8','3','8','1','1978-01-18 16:20:13','1973-03-18 18:27:44'),
('9','4','9','1','1986-04-07 03:28:19','1990-11-12 20:54:16'),
('10','5','10','1','1970-02-24 19:58:14','1988-09-30 02:54:53'),
('11','1','11','1','1989-05-16 14:54:37','1977-10-12 23:25:34'),
('12','2','12','1','2002-07-30 05:34:40','2016-11-18 19:38:59'),
('13','3','13','1','1972-12-01 05:01:05','1973-03-10 01:26:00'),
('14','4','14','1','2002-05-16 06:31:43','1986-03-28 14:44:07'),
('15','5','15','1','1987-12-22 10:37:15','1976-06-02 00:52:03'),
('16','1','16','1','1977-03-02 15:40:48','1993-12-22 23:37:08'),
('17','2','17','1','1993-07-03 00:09:05','1993-04-28 12:52:03'),
('18','3','18','1','2013-12-05 21:12:17','2016-05-13 08:56:36'),
('19','4','19','1','1998-03-04 14:01:24','1981-01-06 00:42:36'),
('20','5','20','1','1989-07-04 07:16:54','1978-07-09 12:53:16'); 


DROP TABLE IF EXISTS `profiles`;
CREATE TABLE `profiles` (
  `user_id` bigint(20) unsigned NOT NULL AUTO_INCREMENT,
  `firstname` varchar(100) COLLATE utf8_unicode_ci DEFAULT NULL COMMENT '???',
  `lastname` varchar(100) COLLATE utf8_unicode_ci DEFAULT NULL COMMENT '???????',
  `phone` varchar(20) COLLATE utf8_unicode_ci DEFAULT NULL,
  `address` varchar(100) COLLATE utf8_unicode_ci DEFAULT NULL,
  `created_at` datetime DEFAULT current_timestamp(),
  `updated_at` datetime DEFAULT current_timestamp() ON UPDATE current_timestamp(),
  PRIMARY KEY (`user_id`),
  KEY `firstname` (`firstname`,`lastname`),
  CONSTRAINT `profiles_ibfk_1` FOREIGN KEY (`user_id`) REFERENCES `users` (`id`)
) ENGINE=InnoDB AUTO_INCREMENT=11 DEFAULT CHARSET=utf8 COLLATE=utf8_unicode_ci COMMENT='??????? ????????????';

INSERT INTO `profiles` VALUES ('1','Westley','Howe','629-852-5291x092','87342 Greenfelder Dam\nRunolfsdottirton, AL 50751','2014-10-02 23:53:57','2003-07-11 03:54:06'),
('2','Mikel','Reynolds','(311)580-9842','12028 Lebsack Track\nJazlyntown, MS 21322','1985-02-17 03:03:58','2003-03-26 12:44:59'),
('3','Donna','Smitham','745-209-1361x10608','69424 Robert Tunnel Apt. 720\nMarcellusville, SC 75114','1992-09-14 13:06:59','2003-05-14 18:26:32'),
('4','Luella','Metz','+31(6)7117318022','423 Paucek Ferry Apt. 383\nNew Aylinshire, IN 42832-9373','1986-06-13 13:42:01','2002-08-03 21:42:26'),
('5','Raina','Cummerata','1-004-770-6064','414 Weissnat Inlet\nLake Miracle, CT 05532-6719','1992-01-06 01:03:54','2010-09-01 18:57:13'),
('6','Asha','Goldner','724-998-7265','557 Keyon Freeway Suite 732\nSouth Veda, NV 71827','1986-09-20 07:52:21','1998-02-22 22:28:27'),
('7','Lorine','Considine','1-635-040-1119x59900','985 Concepcion Highway\nCarolinaton, WY 89017','1983-10-02 11:50:20','1992-08-30 11:11:07'),
('8','Urban','Reilly','868-800-2101x88737','9001 Brielle Forges\nSouth Chandlershire, IN 50850-8238','2009-07-26 08:39:25','1991-10-19 03:38:48'),
('9','Madelynn','Durgan','1-007-661-8526','6594 Dimitri Bridge\nPort Imelda, HI 48805-9090','1970-02-27 18:09:02','2000-01-08 21:50:08'),
('10','Nya','Turcotte','(986)260-2744','15949 Gleason Glen\nWest Malcolmhaven, FL 71397-5204','2002-08-12 16:49:56','1972-03-19 21:09:22'); 


DROP TABLE IF EXISTS `ratings`;
CREATE TABLE `ratings` (
  `id` bigint(20) unsigned NOT NULL AUTO_INCREMENT,
  `user_id` bigint(20) unsigned NOT NULL,
  `book_id` bigint(20) unsigned NOT NULL,
  `total` int(10) unsigned DEFAULT 0 COMMENT '?????? ?????, ?? ????????? 0 (0 - ? ?????? ?? ?????????)',
  `created_at` datetime DEFAULT current_timestamp(),
  PRIMARY KEY (`id`),
  KEY `total` (`total`),
  KEY `user_id` (`user_id`),
  KEY `book_id` (`book_id`),
  CONSTRAINT `ratings_ibfk_1` FOREIGN KEY (`user_id`) REFERENCES `users` (`id`),
  CONSTRAINT `ratings_ibfk_2` FOREIGN KEY (`book_id`) REFERENCES `books` (`id`)
) ENGINE=InnoDB AUTO_INCREMENT=101 DEFAULT CHARSET=utf8 COLLATE=utf8_unicode_ci COMMENT='??????? ?????';

INSERT INTO `ratings` VALUES ('1','1','1','0','2007-06-27 17:26:40'),
('2','2','2','0','1977-01-02 22:03:39'),
('3','3','3','0','2014-12-13 02:34:44'),
('4','4','4','0','1993-09-07 12:40:48'),
('5','5','5','0','1971-09-09 18:36:12'),
('6','6','6','0','1973-06-29 09:11:16'),
('7','7','7','0','2002-08-01 21:51:11'),
('8','8','8','0','1986-12-08 14:40:08'),
('9','9','9','0','2013-08-13 08:34:38'),
('10','10','10','0','2006-10-08 02:31:16'),
('11','1','11','0','1987-12-29 23:12:09'),
('12','2','12','0','2010-07-24 15:13:31'),
('13','3','13','0','2018-07-05 00:49:23'),
('14','4','14','0','1981-05-17 19:41:18'),
('15','5','15','0','2002-11-08 01:14:45'),
('16','6','16','0','1979-06-27 22:44:38'),
('17','7','17','0','1999-07-19 03:57:53'),
('18','8','18','0','2004-09-18 11:36:05'),
('19','9','19','0','1991-04-23 12:10:34'),
('20','10','20','0','2013-01-02 14:21:40'),
('21','1','21','0','1979-06-30 21:25:18'),
('22','2','22','0','1991-06-10 19:39:57'),
('23','3','23','0','2014-08-30 10:24:34'),
('24','4','24','0','1971-06-22 17:57:17'),
('25','5','25','0','1992-06-29 04:46:09'),
('26','6','26','0','2014-10-02 15:10:44'),
('27','7','27','0','2017-02-28 01:37:13'),
('28','8','28','0','1992-11-11 04:38:43'),
('29','9','29','0','2012-07-05 14:37:02'),
('30','10','30','0','1994-04-29 02:16:55'),
('31','1','31','0','1987-08-25 08:38:28'),
('32','2','32','0','1971-05-09 03:31:40'),
('33','3','33','0','1997-10-04 15:47:25'),
('34','4','34','0','1971-01-13 12:34:56'),
('35','5','35','0','2008-07-16 03:25:03'),
('36','6','36','0','1991-04-26 22:23:27'),
('37','7','37','0','1995-03-22 12:26:22'),
('38','8','38','0','1980-11-03 16:13:54'),
('39','9','39','0','2000-05-12 00:43:36'),
('40','10','40','0','1973-02-23 05:40:12'),
('41','1','41','0','1996-05-29 05:15:42'),
('42','2','42','0','2002-11-20 11:55:36'),
('43','3','43','0','1999-03-13 16:09:06'),
('44','4','44','0','2019-04-03 14:29:35'),
('45','5','45','0','2006-03-17 19:11:41'),
('46','6','46','0','2009-03-05 10:11:14'),
('47','7','47','0','1997-02-13 13:06:33'),
('48','8','48','0','1975-04-05 03:04:19'),
('49','9','49','0','1980-08-14 23:52:50'),
('50','10','50','0','1996-02-04 06:12:08'),
('51','1','51','0','1991-05-10 15:43:20'),
('52','2','52','0','2002-06-28 05:24:42'),
('53','3','53','0','2017-02-13 14:39:24'),
('54','4','54','0','2001-01-13 19:56:15'),
('55','5','55','0','1988-05-28 15:33:54'),
('56','6','56','0','1973-12-25 02:33:30'),
('57','7','57','0','1974-11-09 19:38:56'),
('58','8','58','0','2019-10-03 16:23:36'),
('59','9','59','0','1995-10-27 05:21:16'),
('60','10','60','0','2015-01-31 13:33:55'),
('61','1','61','0','1970-12-05 14:11:59'),
('62','2','62','0','2017-07-26 06:08:10'),
('63','3','63','0','2015-02-27 14:54:56'),
('64','4','64','0','1991-08-06 00:33:10'),
('65','5','65','0','1985-01-12 06:42:32'),
('66','6','66','0','2001-02-24 08:04:34'),
('67','7','67','0','2012-12-11 18:38:30'),
('68','8','68','0','2016-07-01 23:52:13'),
('69','9','69','0','1991-09-22 20:33:44'),
('70','10','70','0','1997-04-07 22:48:23'),
('71','1','71','0','1984-10-10 03:31:38'),
('72','2','72','0','1970-07-17 18:52:15'),
('73','3','73','0','1984-07-13 09:24:46'),
('74','4','74','0','1982-01-04 08:39:05'),
('75','5','75','0','1987-07-23 20:16:17'),
('76','6','76','0','1991-03-15 21:37:07'),
('77','7','77','0','1992-11-22 14:46:40'),
('78','8','78','0','2018-12-18 07:07:11'),
('79','9','79','0','1985-09-07 23:24:03'),
('80','10','80','0','1995-12-12 20:57:49'),
('81','1','81','0','2011-01-30 10:56:54'),
('82','2','82','0','2004-11-12 07:52:15'),
('83','3','83','0','2014-03-02 18:18:01'),
('84','4','84','0','2006-08-27 03:43:45'),
('85','5','85','0','1976-06-17 09:00:52'),
('86','6','86','0','1999-03-18 14:17:47'),
('87','7','87','0','2015-03-06 06:22:38'),
('88','8','88','0','1987-04-07 08:57:48'),
('89','9','89','0','1979-12-22 11:42:30'),
('90','10','90','0','2017-03-17 16:13:25'),
('91','1','91','0','1988-02-28 10:31:16'),
('92','2','92','0','2003-08-06 04:42:16'),
('93','3','93','0','1979-10-01 15:56:31'),
('94','4','94','0','1980-02-10 19:55:23'),
('95','5','95','0','2011-06-04 16:56:57'),
('96','6','96','0','1972-06-27 03:50:13'),
('97','7','97','0','2014-09-21 03:15:12'),
('98','8','98','0','2003-09-08 23:42:03'),
('99','9','99','0','2003-10-30 09:57:16'),
('100','10','100','0','1975-04-09 18:47:16'); 


DROP TABLE IF EXISTS `series`;
CREATE TABLE `series` (
  `id` bigint(20) unsigned NOT NULL AUTO_INCREMENT,
  `name` varchar(255) COLLATE utf8_unicode_ci DEFAULT NULL COMMENT '???????? ????? ????',
  `description` text COLLATE utf8_unicode_ci DEFAULT NULL COMMENT '???????? ????? ????',
  `poster` varchar(50) COLLATE utf8_unicode_ci DEFAULT NULL COMMENT '???????? ????? ????',
  PRIMARY KEY (`id`),
  KEY `name` (`name`)
) ENGINE=InnoDB AUTO_INCREMENT=21 DEFAULT CHARSET=utf8 COLLATE=utf8_unicode_ci COMMENT='???? ????';

INSERT INTO `series` VALUES ('1','quod','Voluptas assumenda molestias odio consectetur quia necessitatibus praesentium. Qui saepe culpa qui rerum ut iure distinctio. Ex voluptatibus aut ea voluptate non in cumque voluptas. Aliquam magni id voluptatem cumque et debitis.',NULL),
('2','quis','Quidem sed eum odit mollitia corrupti suscipit. Omnis nisi alias et est perspiciatis aut autem. Eos non facere quae ducimus autem rem. Soluta adipisci vero non qui.',NULL),
('3','ut','Perspiciatis sit dignissimos voluptatem. Provident consectetur ea molestiae et et adipisci in officiis. Dignissimos animi blanditiis et rerum nihil neque aperiam.',NULL),
('4','corrupti','Atque nihil error sit quis necessitatibus laboriosam minima. Quod nesciunt nihil est non id.',NULL),
('5','voluptates','Voluptatem dolorem hic dolorem dolor explicabo. Voluptatem voluptates hic est consequatur. Aut at quia voluptatem dignissimos inventore.',NULL),
('6','vitae','Ratione eligendi consequatur nemo. Enim tenetur modi vitae ducimus aliquam accusamus eos. Voluptatem aut quidem repellendus.',NULL),
('7','architecto','Necessitatibus quia necessitatibus ex architecto explicabo. Dolorem eaque atque dolor sunt assumenda. Ea molestias quibusdam eum dolorem rerum.',NULL),
('8','quia','Sequi eos magni quo repellat. A id dicta et sunt. Est nihil nulla consequatur natus rerum mollitia.',NULL),
('9','culpa','Tenetur optio sed amet sunt. Maxime et qui voluptatibus voluptatem. Est vel rerum amet excepturi ex ut ut quam. Quae nisi ducimus cupiditate laboriosam reprehenderit quod deserunt velit.',NULL),
('10','sint','Sint quos commodi ut qui non. Nisi et exercitationem necessitatibus explicabo optio sit. Sapiente ut illum ducimus soluta eum ad et enim. In officia autem ut ullam quo voluptatem et possimus.',NULL),
('11','hic','Sapiente repudiandae voluptatibus vero sed hic voluptas eligendi ab. Dolores sequi suscipit enim quia in adipisci. Sunt dolores saepe beatae harum pariatur adipisci. Nemo culpa et ea quia.',NULL),
('12','et','Voluptatem nisi sint dolores quam sed asperiores. Sunt maxime dicta enim provident et qui.',NULL),
('13','exercitationem','Incidunt odit est quasi amet ab. Expedita et ut adipisci dolores placeat eos quasi. Nobis fuga quibusdam voluptas eligendi.',NULL),
('14','facere','Reprehenderit quia voluptatem nemo praesentium id. Maxime saepe minima numquam vel. Non sit vel eligendi et quisquam adipisci. Incidunt repudiandae necessitatibus impedit accusamus iusto aut laboriosam. Voluptas at ullam praesentium dolorem.',NULL),
('15','natus','Ducimus aut iusto dolorem voluptas quia molestiae. Nam id necessitatibus repellat aliquam. Voluptatem vel ut voluptatem dolores. Non voluptas doloremque neque quia praesentium quis.',NULL),
('16','quos','Quo repudiandae molestias placeat iusto laborum mollitia. Sit sed ut et ullam perspiciatis nemo. Incidunt officia non architecto aliquid laboriosam enim ipsum. Sit iure tenetur eum ipsum.',NULL),
('17','minima','Doloribus ut et non suscipit aliquam ipsum. Consectetur sed ad ab corrupti. Eveniet esse at ea et voluptatibus provident sed. Magnam occaecati iste quis qui nostrum quaerat voluptatem.',NULL),
('18','adipisci','Autem sed porro id molestias quis voluptas vel. Non tenetur voluptas illum et sit beatae molestias. Sint aut distinctio unde quia et vel. Animi non asperiores et.',NULL),
('19','voluptates','Libero iste qui ex ipsam voluptatem error nam ipsa. Et illum provident sit explicabo. Fuga beatae rem tempora voluptatem quo non.',NULL),
('20','aspernatur','Exercitationem numquam velit earum sequi quo voluptatem. Qui unde ipsam dolorem dolorem. Aspernatur maxime consectetur aspernatur vero. Qui esse quod debitis.',NULL); 


DROP TABLE IF EXISTS `users`;
CREATE TABLE `users` (
  `id` bigint(20) unsigned NOT NULL AUTO_INCREMENT,
  `email` varchar(120) COLLATE utf8_unicode_ci DEFAULT NULL,
  `password_hash` varchar(100) COLLATE utf8_unicode_ci DEFAULT NULL,
  PRIMARY KEY (`id`),
  UNIQUE KEY `email` (`email`)
) ENGINE=InnoDB AUTO_INCREMENT=11 DEFAULT CHARSET=utf8 COLLATE=utf8_unicode_ci COMMENT='????????????';

INSERT INTO `users` VALUES ('1','lucas.cummings@example.com','7ec6f90c346c078777f9a22622f36dff568a2493'),
('2','mclaughlin.kieran@example.net','80476e5a67c827f76e6286986b21e9df72f5d05b'),
('3','derick89@example.net','71a0ee2a7fbe91d4367ed1799df0abd29d09c123'),
('4','crona.luella@example.net','45f272a5d69f12336cd987b8c7ab7fdbe610de99'),
('5','kmarks@example.org','a6f264614bc834416969a71903fb97edc9f83986'),
('6','katarina74@example.com','bc2c03e4a2ebf350b460e056ca3f38540ed63b50'),
('7','macejkovic.lottie@example.org','95e95ed13be5dd8090464784e0ba962198dd580f'),
('8','leta.parisian@example.org','b8d4df63888d932ca65c6dcdadc11f89492af2c1'),
('9','ewell.terry@example.com','d3c6830598def14adb55000c713d16bb2a2adacb'),
('10','jabari68@example.org','a8442705fb0c1536a25b33bd290bab1dd0cc2ddf'); 


DROP TABLE IF EXISTS `writers`;
CREATE TABLE `writers` (
  `id` bigint(20) unsigned NOT NULL AUTO_INCREMENT,
  `name` varchar(255) COLLATE utf8_unicode_ci DEFAULT NULL COMMENT '???????? ??????',
  `description` text COLLATE utf8_unicode_ci DEFAULT NULL COMMENT '???????? ??????',
  `poster` varchar(50) COLLATE utf8_unicode_ci DEFAULT NULL COMMENT '?????????? ??????',
  PRIMARY KEY (`id`),
  KEY `name` (`name`)
) ENGINE=InnoDB AUTO_INCREMENT=21 DEFAULT CHARSET=utf8 COLLATE=utf8_unicode_ci COMMENT='????????';

INSERT INTO `writers` VALUES ('1','aut','Aut velit non impedit eaque et rem. Eaque provident ut quia rerum aut in omnis. Nulla et ipsa et quia rerum.',NULL),
('2','omnis','Nobis delectus cupiditate doloremque nihil. Aliquam consectetur velit qui distinctio quia deserunt placeat. Atque eligendi repellendus fugiat non in autem maxime. Voluptatibus hic quia ipsum aspernatur rerum at.',NULL),
('3','qui','Occaecati voluptatem eligendi qui. Fugiat quis quod eius molestias consequuntur. Veniam delectus hic animi quibusdam nihil numquam iste.',NULL),
('4','et','Debitis accusamus ea facilis a enim consequatur. Et adipisci sint itaque harum repellendus praesentium. Dolor quo numquam quibusdam. Rerum veniam sed eaque ipsum officia aspernatur laborum veritatis.',NULL),
('5','ea','Est perspiciatis eligendi dolorum. Dolores consequuntur libero numquam. Debitis libero sapiente aut natus officia. Aspernatur dolorem fugiat quis aut enim.',NULL),
('6','animi','Dicta aperiam et et. Doloribus ut sunt fuga debitis aut. Eos ipsa dignissimos qui similique minus optio.',NULL),
('7','sint','Et autem rem maxime temporibus eum esse omnis. Qui sapiente nisi sint ut illum.',NULL),
('8','aut','Et quas aut nihil aperiam expedita libero. Eius facere rerum tempore consectetur corporis.',NULL),
('9','aut','Tenetur magnam cupiditate maiores et est labore consequatur. Iste iure ab a in. Amet iure minus voluptates repellendus aut atque modi. Cum temporibus cum itaque qui. Odit quas quae molestiae maxime ut voluptas deserunt id.',NULL),
('10','labore','Qui et omnis similique voluptas sed perspiciatis. Voluptas expedita velit ipsam. Soluta qui sunt ut ratione unde. Id facilis ut autem voluptatem eaque et omnis magni. Ut ut nobis officia quisquam mollitia doloribus.',NULL),
('11','repellendus','Dignissimos et omnis nesciunt voluptate. Aut ut repudiandae sunt debitis. Iusto similique eum iure.',NULL),
('12','libero','Sint aut fugiat mollitia atque illum repellendus. Est et quos tenetur autem impedit. Velit illum voluptas ut sequi distinctio iusto. Totam fugit est aliquam ullam repudiandae in voluptatibus.',NULL),
('13','nostrum','Aut incidunt placeat adipisci ut rerum unde ipsa. Eveniet tenetur vel porro provident ipsum. Soluta excepturi corporis voluptas explicabo sed ratione quam. Amet nihil occaecati neque perferendis.',NULL),
('14','quasi','Illum atque voluptas ullam eos blanditiis voluptates et. Id soluta et vel maiores fugit. Sit alias laudantium velit error voluptate est.',NULL),
('15','saepe','Et accusantium voluptatem natus molestiae maxime quas. Ipsa dolor qui officia et dolore. Eum sequi quae vel minima cumque quibusdam et. Rerum tempore enim in sequi.',NULL),
('16','minima','Nostrum optio voluptatem labore vero accusamus ut quis. Minima veniam aut quisquam porro laborum. Sint sint impedit ut possimus saepe ut culpa recusandae.',NULL),
('17','asperiores','Dolorum velit libero optio autem. Dolorem molestias fugit eum aliquam porro voluptatem. Magni accusantium illo voluptas aperiam asperiores earum.',NULL),
('18','et','Voluptatem labore natus ipsa nihil aut ut. Consequatur harum aut doloremque est voluptatem. Dolorum nulla et qui qui alias consequatur. Deleniti vel omnis nihil est qui qui.',NULL),
('19','nam','Et voluptate veritatis ea. Omnis sed cum nihil quasi velit. Est mollitia ad ut impedit quasi. Quam non architecto omnis ut quidem sequi.',NULL),
('20','molestiae','Eaque ullam et natus velit enim. Ex vero autem sit molestias est et quas molestiae. Est accusamus dolore voluptatem accusantium culpa cupiditate voluptatem. Aliquam qui maiores molestiae autem aspernatur.',NULL); 




/*!40101 SET SQL_MODE=@OLD_SQL_MODE */;
/*!40014 SET FOREIGN_KEY_CHECKS=@OLD_FOREIGN_KEY_CHECKS */;
/*!40014 SET UNIQUE_CHECKS=@OLD_UNIQUE_CHECKS */;
/*!40101 SET CHARACTER_SET_CLIENT=@OLD_CHARACTER_SET_CLIENT */;
/*!40101 SET CHARACTER_SET_RESULTS=@OLD_CHARACTER_SET_RESULTS */;
/*!40101 SET COLLATION_CONNECTION=@OLD_COLLATION_CONNECTION */;
/*!40111 SET SQL_NOTES=@OLD_SQL_NOTES */;

